City_ID,City,Cloudiness,Country,Date,Humidity,Lat,Lng,Max Temp,Wind Speed
0,bethanien,44,NA,1516867480,37,-26.5,17.16,78.91,4.18
1,rafai,0,CF,1516867480,58,4.95,23.92,81.2,5.97
2,aykhal,36,RU,1516867482,62,65.95,111.51,-14.07,2.73
3,avarua,75,CK,1516863600,78,-21.21,-159.78,78.8,10.29
4,upernavik,68,GL,1516866958,100,72.79,-56.15,0.61,8.66
5,yellowknife,5,CA,1516863600,75,62.45,-114.38,-18.41,3.36
6,ushuaia,75,AR,1516863600,75,-54.81,-68.31,46.4,9.17
7,nouadhibou,8,MR,1516863600,36,20.93,-17.03,62.6,14.99
8,nueva rosita,0,MX,1516867486,54,27.94,-101.22,30.62,3.18
9,batemans bay,44,AU,1516867185,92,-35.71,150.18,72.65,2.62
10,khatanga,88,RU,1516866973,74,71.98,102.47,-2.19,18.61
11,atuona,20,PF,1516866933,100,-9.8,-139.03,80.75,15.48
12,andijon,0,UZ,1516865400,49,40.76,72.37,46.4,2.24
13,qaanaaq,48,GL,1516866951,87,77.48,-69.36,-3.67,5.97
14,barrow,0,AR,1516867488,85,-38.31,-60.23,43.9,2.73
15,tigil,24,RU,1516867489,57,57.8,158.67,11.41,7.65
16,lulea,75,SE,1516866600,100,65.58,22.15,33.8,8.05
17,jamestown,0,AU,1516866907,55,-33.21,138.6,82.1,4.18
18,carutapera,92,BR,1516867491,97,-1.2,-46.02,76.84,5.19
19,busselton,0,AU,1516866892,87,-33.64,115.35,74.59,17.05
20,new norfolk,20,AU,1516863600,54,-42.78,147.06,78.8,11.41
21,sao filipe,0,CV,1516866901,98,14.9,-24.5,70.63,15.59
22,sioux lookout,90,CA,1516863600,85,50.1,-91.92,17.6,3.36
23,arlit,0,NE,1516867492,64,18.74,7.39,60.28,9.44
24,punta arenas,75,CL,1516863600,87,-53.16,-70.91,50.0,6.93
25,bredasdorp,0,ZA,1516863600,50,-34.53,20.04,75.2,8.05
26,banamba,0,ML,1516867494,31,13.55,-7.45,65.23,9.44
27,nelson bay,0,AU,1516863600,65,-32.72,152.14,82.4,10.29
28,businga,0,CD,1516867495,81,3.34,20.89,82.15,3.62
29,albany,40,US,1516863240,67,42.65,-73.75,17.6,8.05
30,east london,75,ZA,1516863600,78,-33.02,27.91,73.4,5.82
31,kapaa,90,US,1516863360,78,22.08,-159.32,73.4,13.87
32,mahebourg,75,MU,1516863600,83,-20.41,57.7,82.4,11.41
33,lorengau,76,PG,1516866921,100,-2.02,147.27,80.53,14.03
34,vao,92,EE,1516866996,97,59.1,26.19,39.58,19.62
35,pandan niog,0,PH,1516867498,100,6.23,120.56,82.73,6.98
36,amahai,80,ID,1516867499,100,-3.31,129.0,85.21,1.61
37,ossora,76,RU,1516867500,97,59.24,163.07,28.1,6.87
38,shitanjing,0,CN,1516867500,35,39.23,106.34,21.35,3.4
39,san patricio,44,PY,1516867061,94,-26.98,-56.83,70.67,3.74
40,ulaangom,12,MN,1516867501,65,49.98,92.07,-18.57,3.18
41,torbay,90,CA,1516863600,93,47.66,-52.73,35.6,20.8
42,cape town,20,ZA,1516863600,56,-33.93,18.42,71.6,16.11
43,borogontsy,68,RU,1516867000,62,62.67,131.17,-33.96,2.73
44,dali,0,CN,1516867504,44,25.6,100.24,59.15,7.65
45,saldanha,92,PT,1516867050,99,41.42,-6.55,41.65,8.88
46,georgetown,20,GY,1516863600,94,6.8,-58.16,73.4,4.7
47,airai,64,TL,1516867505,70,-8.93,125.41,79.54,1.39
48,tuktoyaktuk,68,CA,1516863600,96,69.44,-133.03,-7.61,10.29
49,longyearbyen,75,NO,1516866600,68,78.22,15.63,24.8,12.75
50,kavieng,88,PG,1516867002,100,-2.57,150.8,79.85,12.68
51,hermanus,24,ZA,1516867506,62,-34.42,19.24,69.41,5.75
52,pangnirtung,32,CA,1516867032,74,66.15,-65.72,-17.22,4.74
53,balkhash,0,KZ,1516867508,100,46.84,74.98,-9.97,13.69
54,vaini,0,IN,1516867509,34,15.34,74.49,86.74,1.61
55,rikitea,48,PF,1516867510,99,-23.12,-134.97,80.03,16.15
56,ponta do sol,92,BR,1516866964,99,-20.63,-46.0,64.73,1.72
57,phultala,0,BD,1516867511,58,22.7,89.52,78.5,6.53
58,tasiilaq,12,GL,1516867039,100,65.61,-37.64,15.19,20.51
59,faanui,20,PF,1516867056,100,-16.48,-151.75,80.98,10.22
60,barra do garcas,44,BR,1516867512,92,-15.89,-52.26,70.4,4.07
61,adrar,0,DZ,1516863600,39,27.87,-0.29,50.0,12.75
62,zabol,0,IR,1516863600,25,31.03,61.49,62.6,11.41
63,mataura,80,NZ,1516867515,72,-46.19,168.86,62.44,6.2
64,yar-sale,64,RU,1516867087,80,66.83,70.83,-0.52,20.74
65,nikolskoye,90,RU,1516865400,98,59.7,30.79,32.0,15.66
66,carnarvon,0,ZA,1516866941,45,-30.97,22.13,75.53,6.2
67,mar del plata,0,AR,1516867488,100,-46.43,-67.52,46.37,0.38
68,saskylakh,80,RU,1516867519,83,71.97,114.09,3.53,15.26
69,fairbanks,90,US,1516863480,74,64.84,-147.72,-22.01,4.29
70,pacific grove,90,US,1516865700,99,36.62,-121.92,51.8,4.7
71,carmo do rio claro,44,BR,1516867461,100,-20.97,-46.12,65.36,3.29
72,marzuq,0,YE,1516867521,12,14.4,46.47,78.73,2.73
73,lebu,0,ET,1516866989,28,8.96,38.73,71.3,4.07
74,mount gambier,0,AU,1516867523,56,-37.83,140.78,75.58,5.3
75,barra da estiva,64,BR,1516867523,93,-13.63,-41.33,67.07,3.74
76,ucluelet,92,CA,1516867200,100,48.94,-125.55,33.91,2.06
77,atbasar,0,KZ,1516867524,67,51.81,68.36,-14.65,9.55
78,rorvik,20,NO,1516864800,93,64.86,11.24,37.4,5.82
79,isangel,76,VU,1516867020,100,-19.55,169.27,79.63,14.03
80,vila franca do campo,75,PT,1516865400,76,37.72,-25.43,53.6,4.7
81,souillac,92,FR,1516867200,93,45.6,-0.6,50.0,6.93
82,hasaki,20,JP,1516865400,27,35.73,140.83,35.6,11.41
83,tuatapere,92,NZ,1516867528,100,-46.13,167.69,57.98,7.76
84,pevek,76,RU,1516867528,92,69.7,170.27,-7.05,5.64
85,healdsburg,90,US,1516865880,100,38.61,-122.87,48.2,7.65
86,gilgit,76,PK,1516867529,84,35.92,74.31,16.67,0.16
87,toppenish,20,US,1516863180,93,46.38,-120.31,37.4,5.82
88,kaitangata,100,NZ,1516866937,100,-46.28,169.85,58.43,7.54
89,tiarei,20,PF,1516865400,69,-17.53,-149.33,82.4,5.82
90,istok,0,PL,1516865400,80,52.66,23.48,35.6,8.95
91,norman wells,90,CA,1516863600,70,65.28,-126.83,-5.81,3.36
92,ajaigarh,0,IN,1516867532,65,24.9,80.27,69.95,8.43
93,sitka,0,US,1516866853,33,37.17,-99.65,35.48,11.12
94,provideniya,48,RU,1516867534,100,64.42,-173.23,12.98,16.49
95,chokurdakh,76,RU,1516867535,63,70.62,147.9,-20.91,5.3
96,kununurra,68,AU,1516863960,79,-15.77,128.74,84.2,8.05
97,dalvik,75,SE,1516864800,93,57.79,14.13,39.2,17.22
98,puerto ayora,48,EC,1516867537,100,-0.74,-90.35,73.96,6.98
99,victoria,75,BN,1516863600,74,5.28,115.24,87.8,4.7
100,pringsewu,92,ID,1516867538,62,-5.36,104.98,83.72,4.74
101,ketchikan,1,US,1516863360,92,55.34,-131.65,37.4,7.2
102,pisco,0,PE,1516863600,78,-13.71,-76.2,71.6,8.05
103,port hardy,90,CA,1516863600,86,50.7,-127.42,37.4,4.7
104,santiago atitlan,20,GT,1516867541,64,14.64,-91.23,61.36,3.74
105,bystrzyca klodzka,88,PL,1516867541,90,50.3,16.64,35.12,7.2
106,bani walid,0,LY,1516867543,61,31.76,14.0,52.9,4.52
107,maromitsa,64,RU,1516867543,71,59.87,48.01,13.25,7.87
108,gafanha da encarnacao,75,PT,1516865400,100,40.62,-8.73,51.8,3.36
109,college,90,US,1516863480,74,64.86,-147.8,-22.01,4.29
110,necochea,0,AR,1516867004,100,-38.55,-58.74,45.02,1.72
111,luang prabang,0,LA,1516863600,51,19.89,102.14,86.0,2.24
112,tommot,36,RU,1516867156,48,58.97,126.27,-30.45,2.62
113,guane,56,CU,1516867547,91,22.2,-84.09,70.4,8.88
114,alice springs,40,AU,1516864860,13,-23.7,133.88,104.0,17.22
115,san quintin,75,PH,1516863600,66,17.54,120.52,87.8,6.93
116,knysna,40,ZA,1516863600,72,-34.04,23.05,68.0,5.82
117,lavrentiya,56,RU,1516866982,100,65.58,-170.99,1.73,11.23
118,hilo,90,US,1516865040,83,19.71,-155.08,69.8,6.93
119,kodiak,1,US,1516863180,80,39.95,-94.76,30.2,5.82
120,nemuro,75,JP,1516863600,62,43.32,145.57,23.0,8.05
121,camapua,80,BR,1516867550,91,-19.53,-54.04,69.46,3.62
122,cabo san lucas,32,MX,1516866833,100,22.89,-109.91,69.05,5.41
123,egvekinot,76,RU,1516867552,73,66.32,-179.17,-3.36,3.4
124,adana,75,TR,1516864800,87,37.0,35.33,46.4,12.75
125,avera,1,US,1516865700,86,33.19,-82.53,39.2,5.97
126,sobolevo,88,RU,1516867036,88,54.43,31.9,21.08,17.72
127,saint-pierre,92,FR,1516865400,100,48.95,4.24,48.2,5.82
128,saint-philippe,1,CA,1516866900,71,45.36,-73.48,6.8,6.93
129,hami,12,CN,1516867554,51,42.84,93.51,26.03,6.53
130,san policarpo,68,PH,1516867555,95,12.18,125.51,80.53,8.77
131,hobart,20,AU,1516863600,54,-42.88,147.33,78.8,11.41
132,catemaco,92,MX,1516867556,100,18.42,-95.11,63.47,21.07
133,brignoles,75,FR,1516867200,87,43.41,6.06,57.2,2.24
134,sistranda,75,NO,1516866600,86,63.73,8.83,39.2,27.51
135,bull savanna,24,JM,1516867558,85,17.89,-77.59,67.75,3.74
136,pochutla,0,MX,1516867558,100,15.74,-96.47,78.23,4.29
137,travesia,92,HN,1516867559,99,15.87,-87.9,67.3,2.06
138,bilma,0,NE,1516866992,56,18.69,12.92,61.09,11.23
139,nalut,0,LY,1516866994,96,31.86,10.98,49.25,6.2
140,calvinia,0,ZA,1516863180,46,-31.47,19.78,73.4,12.75
141,tiksi,8,RU,1516867561,69,71.64,128.87,-23.16,3.06
142,kinshasa,20,CD,1516863600,88,-4.32,15.31,73.4,4.7
143,kapuskasing,75,CA,1516863600,83,49.42,-82.43,-13.01,4.7
144,codrington,64,AU,1516867146,79,-28.95,153.24,76.07,3.74
145,the pas,5,CA,1516863600,76,53.82,-101.24,-11.21,8.05
146,gornyy,88,RU,1516867563,88,51.76,48.54,13.84,11.45
147,thompson,5,CA,1516863600,67,55.74,-97.86,-27.41,2.62
148,half moon bay,90,US,1516865880,100,37.46,-122.43,50.0,8.66
149,port keats,48,AU,1516867565,75,-14.25,129.55,88.76,13.91
150,balkanabat,0,TM,1516867566,62,39.51,54.36,49.61,2.95
151,kaeo,0,NZ,1516867566,73,-35.1,173.78,69.5,1.72
152,ribeira grande,20,PT,1516865400,71,38.52,-28.7,51.8,9.17
153,brookings,1,US,1516866960,85,44.31,-96.8,15.8,3.36
154,bonavista,92,CA,1516867569,92,48.65,-53.11,34.85,16.49
155,qiyang,92,CN,1516867569,100,26.59,111.85,33.32,10.67
156,aklavik,90,CA,1516863600,76,68.22,-135.01,-11.21,3.36
157,tlapehuala,24,MX,1516867570,92,18.24,-100.54,55.6,1.28
158,olot,0,UZ,1516865400,47,39.42,63.81,39.2,6.93
159,along,100,IN,1516867571,99,28.17,94.8,52.13,1.5
160,chuy,64,UY,1516867572,87,-33.69,-53.46,65.5,10.0
161,port alfred,80,ZA,1516867573,88,-33.59,26.89,72.2,5.64
162,tecoanapa,20,MX,1516862940,83,16.99,-99.26,77.0,3.51
163,nuevo laredo,1,US,1516864500,42,27.49,-99.5,48.2,6.93
164,karratha,36,AU,1516867382,35,-20.74,116.85,100.37,11.01
165,tilichiki,88,RU,1516866991,90,60.47,166.1,29.86,9.89
166,tombouctou,0,ML,1516867575,42,16.77,-3.01,63.92,6.76
167,butaritari,0,KI,1516867576,99,3.07,172.79,82.69,16.49
168,antofagasta,40,CL,1516863600,88,-23.65,-70.4,62.6,1.12
169,leningradskiy,48,RU,1516867577,98,69.38,178.42,-8.22,0.94
170,bluff,80,AU,1516867577,41,-23.58,149.07,89.44,17.05
171,nanortalik,92,GL,1516867077,97,60.14,-45.24,31.21,36.17
172,saint george,20,GR,1516866600,65,39.45,22.34,41.0,8.05
173,esil,0,KZ,1516867579,70,51.96,66.41,-9.7,8.1
174,massakory,0,TD,1516867580,29,13.0,15.73,73.91,16.6
175,nova olinda do norte,56,BR,1516867581,99,-3.89,-59.1,73.96,2.73
176,severo-kurilsk,92,RU,1516867191,95,50.68,156.12,33.64,22.3
177,svetogorsk,90,FI,1516866600,97,61.11,28.87,33.8,10.29
178,hambantota,0,LK,1516867583,96,6.12,81.12,82.91,5.97
179,samsun,90,TR,1516863000,100,41.29,36.33,33.8,13.87
180,kijang,0,KR,1516863600,42,35.24,129.21,30.2,14.99
181,zinder,8,NE,1516867584,33,13.81,8.99,72.83,12.57
182,lixourion,20,GR,1516866600,100,38.2,20.43,48.2,6.93
183,seoul,0,KR,1516863600,30,37.57,126.98,15.8,11.41
184,tacna,90,PE,1516863600,77,-18.01,-70.25,68.0,2.17
185,hithadhoo,56,MV,1516867586,100,-0.6,73.08,81.88,15.48
186,sola,90,FI,1516864800,95,62.78,29.36,32.0,11.41
187,touho,92,NC,1516867587,71,-20.78,165.23,77.2,7.65
188,broome,20,GB,1516866960,93,52.47,1.45,42.8,11.41
189,redmond,75,US,1516865520,86,47.67,-122.12,42.8,18.34
190,santa fe,36,AR,1516867589,62,-31.62,-60.7,66.17,13.58
191,san antonio,90,CL,1516863600,87,-33.58,-71.61,59.0,3.36
192,saint-augustin,0,FR,1516865400,93,44.83,-0.61,50.0,10.29
193,muros,75,ES,1516865400,100,42.77,-9.06,44.6,9.17
194,marsabit,0,KE,1516867591,46,2.34,37.99,85.84,9.89
195,dafeng,92,CN,1516867591,77,33.2,120.46,32.56,16.26
196,oktyabrskoye,0,RU,1516867592,56,56.73,85.44,-18.7,3.4
197,nyurba,20,RU,1516867104,71,63.29,118.35,-23.65,3.85
198,ternate,75,PH,1516863600,55,14.29,120.72,89.6,9.17
199,iqaluit,5,CA,1516863600,67,63.75,-68.52,-22.01,28.86
200,esperance,44,TT,1516867593,91,10.24,-61.45,75.04,4.74
201,kavaratti,0,IN,1516867594,100,10.57,72.64,80.8,18.05
202,constitucion,80,MX,1516867137,86,23.99,-104.67,40.43,3.4
203,sungairaya,64,ID,1516867595,84,0.7,108.9,81.11,3.96
204,itoman,90,JP,1516866960,67,26.12,127.67,62.6,12.75
205,vila velha,75,BR,1516863600,83,-3.71,-38.6,80.6,8.05
206,leh,48,IN,1516867596,81,34.16,77.58,-3.36,1.72
207,zyryanka,56,RU,1516867597,65,65.73,150.89,-13.98,4.07
208,vung tau,75,VN,1516865400,66,10.35,107.08,87.8,6.93
209,dikson,76,RU,1516867598,93,73.51,80.55,7.63,25.43
210,muisne,80,EC,1516867599,98,0.61,-80.02,70.63,2.84
211,bathsheba,20,BB,1516863600,83,13.22,-59.52,77.0,19.46
212,cherskiy,68,RU,1516867601,66,68.75,161.3,-8.58,3.74
213,khuzdar,0,PK,1516867601,23,27.8,66.62,64.82,5.97
214,walvis bay,56,NA,1516867089,100,-22.95,14.51,65.72,5.3
215,tabou,24,CI,1516867149,100,4.42,-7.36,79.09,7.87
216,inirida,92,CO,1516867604,96,3.87,-67.92,73.28,2.39
217,sompeta,24,IN,1516867604,43,18.93,84.6,83.0,4.29
218,puerto madryn,8,AR,1516867605,77,-42.77,-65.04,64.01,22.97
219,arraial do cabo,0,BR,1516867605,85,-22.97,-42.02,77.29,14.36
220,aswan,0,EG,1516867606,52,24.09,32.9,67.25,6.98
221,aksu,20,KZ,1516865400,74,52.04,76.93,-22.01,4.47
222,oswego,0,US,1516865700,56,37.17,-95.11,42.8,6.93
223,cidreira,100,BR,1516867608,90,-30.17,-50.22,71.75,8.21
224,grand gaube,75,MU,1516863600,83,-20.01,57.66,82.4,11.41
225,san jose,64,PH,1516867518,72,15.79,120.99,79.36,3.4
226,port lincoln,0,AU,1516867612,67,-34.72,135.86,74.72,9.44
227,boulsa,0,BF,1516867612,29,12.66,-0.57,69.19,11.68
228,qaqortoq,92,GL,1516866600,29,60.72,-46.03,37.4,18.34
229,roebourne,36,AU,1516867614,35,-20.77,117.15,100.37,11.01
230,uyskoye,0,RU,1516867614,71,54.37,60.01,-10.42,4.63
231,smithers,90,CA,1516863840,100,54.78,-127.17,23.0,3.36
232,minbu,0,MM,1516867615,59,20.18,94.88,82.1,4.74
233,praia da vitoria,75,PT,1516863600,66,38.73,-27.07,55.4,11.23
234,flin flon,48,CA,1516867627,78,54.77,-101.88,-8.22,5.86
235,laguna,0,MX,1516867127,67,27.52,-110.01,44.93,1.39
236,kabompo,0,ZM,1516867628,73,-13.6,24.21,79.85,6.2
237,bighapur,90,IN,1516865400,87,26.35,80.68,57.2,5.82
238,eyl,0,SO,1516867629,77,7.98,49.82,78.91,15.7
239,sisimiut,0,GL,1516867630,100,66.94,-53.67,-5.34,4.74
240,tual,24,ID,1516867630,97,-5.67,132.75,85.84,15.48
241,karpogory,0,RU,1516867086,69,64.0,44.44,17.35,14.36
242,inta,48,RU,1516867631,71,66.04,60.13,13.61,5.64
243,mathbaria,0,BD,1516867631,53,22.29,89.96,80.53,6.42
244,santo antonio do ica,92,BR,1516867632,100,-3.1,-67.94,71.35,3.29
245,kuybyshevo,0,UA,1516867633,100,44.63,33.86,29.36,7.99
246,porto novo,40,BR,1516863600,94,-23.68,-45.44,71.6,3.36
247,olinda,90,EC,1516863600,88,-2.03,-79.75,77.0,8.05
248,panjab,0,AF,1516867634,79,34.38,67.02,25.18,2.95
249,castro,0,CL,1516867036,96,-42.48,-73.76,48.49,6.87
250,broken hill,0,AU,1516867635,26,-31.97,141.45,95.83,6.98
251,masindi,32,UG,1516867636,80,1.69,31.72,78.55,0.72
252,roald,75,NO,1516866600,100,62.58,6.12,41.0,12.75
253,cabedelo,0,BR,1516863600,94,-6.97,-34.84,73.4,2.24
254,vanimo,80,PG,1516867637,100,-2.67,141.3,83.36,8.99
255,san cristobal,75,EC,1516863600,93,-0.39,-78.55,50.0,12.75
256,carauari,92,BR,1516867638,97,-4.88,-66.9,72.65,3.74
257,sao lourenco do sul,92,BR,1516867639,85,-31.37,-51.98,68.78,9.22
258,kuusamo,90,FI,1516866600,86,65.96,29.19,28.4,12.75
259,cayenne,90,GF,1516865400,78,4.94,-52.33,78.8,5.82
260,meulaboh,80,ID,1516867641,95,4.14,96.13,84.35,4.63
261,calama,0,CL,1516863600,47,-22.46,-68.93,55.4,4.7
262,wiang sa,20,TH,1516865400,74,8.64,99.37,87.8,8.05
263,dothan,75,US,1516865940,69,31.22,-85.39,44.6,8.99
264,basco,1,US,1516865700,92,40.33,-91.2,30.2,6.93
265,pointe michel,24,DM,1516867655,92,15.25,-61.38,79.13,18.84
266,moramanga,0,MG,1516867656,59,-18.95,48.23,79.63,3.96
267,bethel,90,US,1516863180,76,60.79,-161.76,-5.81,4.41
268,aguimes,75,ES,1516865400,67,27.91,-15.45,62.6,16.11
269,dasuya,0,IN,1516867657,68,31.81,75.66,64.91,6.87
270,athni,0,IN,1516867658,60,16.73,75.07,80.26,4.52
271,phan thiet,12,VN,1516867535,77,10.93,108.1,82.06,16.15
272,lompoc,1,US,1516865700,93,34.64,-120.46,46.4,3.36
273,waipawa,0,NZ,1516867660,73,-39.94,176.59,70.36,1.16
274,kahului,40,US,1516863360,73,20.89,-156.47,69.8,10.29
275,thinadhoo,76,MV,1516867661,100,0.53,72.93,82.46,14.25
276,buenos aires,0,AR,1516863600,59,-34.61,-58.44,62.6,10.29
277,touros,92,BR,1516867205,86,-5.2,-35.46,78.77,7.99
278,payo,68,ID,1516867664,41,-3.75,103.64,92.63,7.99
279,geraldton,90,CA,1516863600,92,49.72,-86.95,6.8,2.24
280,atherton,76,GB,1516866600,80,53.52,-2.49,42.8,9.17
281,chicama,0,PE,1516863600,94,-7.84,-79.15,68.0,2.24
282,the valley,12,AI,1516867667,99,18.22,-63.06,78.5,19.73
283,karasburg,0,NA,1516867668,32,-28.01,18.75,83.41,6.64
284,port elizabeth,90,US,1516866900,50,39.31,-74.98,33.8,9.17
285,vila,75,IT,1516867200,86,45.18,8.4,41.0,2.73
286,duvan,48,RU,1516867669,55,55.69,57.9,18.88,5.19
287,suntar,68,RU,1516867670,64,62.16,117.65,-21.49,3.29
288,leon valley,1,US,1516866960,65,29.5,-98.62,39.2,2.73
289,pierre,1,US,1516863180,100,44.37,-100.35,21.2,4.7
290,macae,0,BR,1516863600,88,-22.37,-41.79,73.4,10.29
291,saint-francois,0,FR,1516867200,62,46.42,3.91,53.6,14.99
292,sinnamary,80,GF,1516867090,95,5.38,-52.96,79.36,12.46
293,sol-iletsk,20,RU,1516867673,79,51.16,55.0,9.2,15.82
294,tianpeng,100,CN,1516867673,99,28.88,112.34,30.17,18.28
295,nizhniy baskunchak,80,RU,1516867674,84,48.22,46.83,24.91,7.31
296,zhezkazgan,0,KZ,1516863600,76,47.8,67.71,-9.41,13.42
297,hakui,75,JP,1516866120,86,36.89,136.78,26.6,6.93
298,orocue,64,CO,1516867676,63,4.79,-71.34,80.89,8.32
299,zhigansk,36,RU,1516867167,57,66.77,123.37,-32.02,3.96
300,luwuk,92,ID,1516867676,82,-0.95,122.79,84.58,6.64
301,port-gentil,20,GA,1516863600,88,-0.72,8.78,80.6,5.53
302,say,0,NE,1516867678,36,13.1,2.36,66.13,9.78
303,ahipara,0,NZ,1516867678,94,-35.17,173.16,68.83,7.2
304,rondonopolis,44,BR,1516867679,90,-16.46,-54.64,72.47,2.62
305,ilulissat,0,GL,1516866600,50,69.22,-51.1,8.6,5.82
306,wloclawek,36,PL,1516867679,92,52.65,19.07,35.08,13.47
307,lesnoy,92,RU,1516867680,76,59.78,52.13,15.28,9.44
308,celestun,64,MX,1516867681,96,20.87,-90.4,73.15,26.33
309,nizwa,0,OM,1516867133,24,22.93,57.53,80.53,3.96
310,karpathos,20,GR,1516866600,42,35.51,27.21,48.2,40.26
311,whitehorse,90,CA,1516863600,84,60.72,-135.06,-0.41,5.82
312,zhangye,0,CN,1516867091,54,38.94,100.46,24.23,3.74
313,vestmannaeyjar,0,IS,1516863600,80,63.44,-20.27,30.2,23.04
314,honiara,90,SB,1516867200,100,-9.43,159.96,77.0,3.36
315,cururupu,100,BR,1516867685,92,-1.82,-44.87,77.06,3.62
316,cuenca,44,ES,1516867686,85,40.07,-2.13,36.88,5.19
317,port hedland,0,AU,1516867200,59,-20.31,118.58,95.0,19.46
318,shimoda,20,JP,1516863600,32,34.7,138.93,41.0,3.36
319,kenora,90,CA,1516865700,92,49.76,-94.48,17.6,4.7
320,salalah,0,OM,1516863000,47,17.01,54.1,77.0,2.24
321,iralaya,24,HN,1516867689,100,15.0,-83.23,73.33,6.42
322,mehamn,75,NO,1516866600,79,71.03,27.85,21.2,11.41
323,kodinsk,56,RU,1516867524,78,58.6,99.18,-17.8,2.62
324,roma,0,IT,1516864800,93,41.89,12.48,41.0,3.36
325,lasa,75,CY,1516867200,93,34.92,32.53,53.6,9.17
326,barcelos,75,PT,1516865400,100,41.53,-8.62,51.8,3.36
327,nguru,48,NG,1516867692,36,12.88,10.45,69.73,12.12
328,port macquarie,24,AU,1516863600,74,-31.43,152.91,78.8,16.11
329,umm lajj,0,SA,1516867693,90,25.02,37.27,69.05,6.64
330,gladstone,88,AU,1516867406,80,-23.84,151.26,79.09,17.05
331,berlevag,75,NO,1516866600,79,70.86,29.09,21.2,11.41
332,dingle,36,PH,1516867106,71,11.0,122.67,81.92,11.9
333,dawlatabad,12,AF,1516867695,30,36.41,64.91,60.73,6.2
334,ust-ishim,0,RU,1516867696,59,57.69,71.17,-19.38,3.18
335,palmer,0,AU,1516867200,13,-34.85,139.16,91.4,13.87
336,shunyi,0,CN,1516865400,17,40.13,116.65,23.0,8.95
337,yatou,40,CM,1516863600,100,3.63,9.81,77.0,2.24
338,zacapa,92,GT,1516867698,99,14.97,-89.53,62.66,2.51
339,tagusao,48,PH,1516867699,82,9.19,117.81,82.82,8.66
340,santa vitoria do palmar,64,BR,1516867699,87,-33.52,-53.37,65.5,10.0
341,florida,76,CU,1516863420,94,21.53,-78.23,71.6,9.17
342,apatou,88,SR,1516867701,95,5.16,-54.34,74.45,2.73
343,southbridge,1,US,1516866960,72,42.08,-72.03,23.0,4.7
344,namatanai,76,PG,1516867702,100,-3.66,152.44,81.65,13.8
345,santiago del estero,92,AR,1516866932,88,-27.8,-64.26,70.36,7.99
346,coquimbo,90,CL,1516863600,87,-29.95,-71.34,59.0,3.36
347,sur,0,OM,1516867703,93,22.57,59.53,73.37,5.08
348,ancud,0,CL,1516867105,87,-41.87,-73.83,46.82,4.97
349,nieuw amsterdam,40,SR,1516865700,100,5.88,-55.08,71.6,1.12
350,itapirapua,92,BR,1516867704,94,-15.82,-50.61,70.22,7.2
351,goshen,90,US,1516865700,74,41.58,-85.83,30.2,5.82
352,dobroye,48,RU,1516867706,87,52.86,39.81,8.89,3.29
353,wajima,90,JP,1516863600,92,37.4,136.9,23.0,10.29
354,port blair,56,IN,1516867708,100,11.67,92.75,82.28,9.78
355,manta,20,RO,1516867181,97,45.1,24.1,25.0,4.18
356,balabac,48,PH,1516867708,100,7.99,117.06,82.78,11.45
357,san isidro,92,PH,1516867711,98,16.74,121.63,75.49,3.74
358,el alto,88,BO,1516867712,91,-16.5,-68.19,31.07,2.73
359,naze,0,NG,1516867197,23,5.43,7.07,83.68,13.13
360,katsuura,75,JP,1516863600,59,33.93,134.5,35.6,14.99
361,yacopi,20,CO,1516867713,97,5.46,-74.34,61.54,1.95
362,vaitape,44,PF,1516867714,100,-16.52,-151.75,78.64,6.2
363,mint hill,1,US,1516863240,92,38.55,-91.75,32.0,5.82
364,nishiwaki,20,JP,1516865400,55,35.01,135.0,37.4,9.17
365,kruisfontein,32,ZA,1516867716,84,-34.0,24.73,70.36,4.74
366,kajaani,90,FI,1516866600,95,64.22,27.73,33.8,8.05
367,ayorou,0,NE,1516867717,34,14.73,0.92,66.85,10.0
368,kolomak,8,UA,1516867717,86,49.84,35.31,9.16,4.18
369,presque isle,1,US,1516863360,77,46.68,-68.02,8.6,6.93
370,bandarbeyla,0,SO,1516867141,100,9.49,50.81,75.49,14.03
371,fountain,1,US,1516865700,18,38.68,-104.7,46.4,5.82
372,nola,0,CF,1516867719,64,3.52,16.05,83.59,2.17
373,luderitz,0,NA,1516863600,60,-26.65,15.16,71.6,14.99
374,dusti,56,TJ,1516867721,87,37.35,68.68,49.84,4.07
375,matamoros,90,US,1516866780,87,25.87,-97.51,55.4,5.82
376,kyshtovka,0,RU,1516867721,67,56.56,76.62,-22.12,4.63
377,tucuman,64,PE,1516867722,82,-17.17,-70.89,59.51,0.6
378,flinders,64,AU,1516863600,69,-34.58,150.85,80.6,10.29
379,rio grande,0,BR,1516867723,98,-32.03,-52.1,69.41,10.78
380,plettenberg bay,68,ZA,1516867724,99,-34.05,23.37,67.16,4.18
381,hamilton,75,BM,1516865580,88,32.3,-64.78,69.8,16.11
382,rocha,0,UY,1516867725,87,-34.48,-54.34,54.88,6.42
383,taltal,8,CL,1516867726,99,-25.41,-70.49,46.01,1.72
384,lakota,90,US,1516865220,100,48.04,-98.34,19.4,13.87
385,dawson creek,90,CA,1516865160,92,55.76,-120.23,12.2,6.93
386,husavik,0,CA,1516867728,74,50.56,-96.99,-0.03,4.97
387,road town,1,VG,1516863180,88,18.42,-64.62,75.2,10.29
388,teknaf,0,BD,1516867729,49,20.86,92.31,80.8,6.76
389,azul,0,AR,1516867730,83,-36.78,-59.86,48.4,5.08
390,namtsy,0,RU,1516867731,74,62.72,129.66,-36.84,2.39
391,namibe,48,AO,1516867732,100,-15.19,12.15,76.52,2.06
392,harvard,1,US,1516866780,80,40.62,-98.1,30.2,3.36
393,marrakesh,90,MA,1516865400,100,31.63,-7.99,44.6,1.12
394,jambi,92,ID,1516867733,67,-1.6,103.62,87.5,4.63
395,grindavik,40,IS,1516865400,79,63.84,-22.43,28.4,12.75
396,bambous virieux,75,MU,1516863600,83,-20.34,57.76,82.4,11.41
397,itarema,92,BR,1516867663,96,-2.92,-39.92,76.39,7.65
398,puri,40,ID,1516865400,83,-7.54,112.45,84.2,12.75
399,presidencia roque saenz pena,92,AR,1516867736,89,-26.79,-60.44,72.25,7.76
400,brenham,1,US,1516866900,86,30.17,-96.4,37.4,2.73
401,talitsa,8,RU,1516867737,60,57.01,63.73,-6.19,5.86
402,atambua,76,ID,1516867738,100,-9.11,124.89,80.66,5.64
403,clyde river,1,CA,1516863600,73,70.47,-68.59,-31.01,7.09
404,matagami,0,NG,1516867739,33,9.67,8.4,73.01,10.0
405,tabuk,88,PH,1516867739,90,17.41,121.44,71.08,2.39
406,monrovia,20,LR,1516863600,94,6.33,-10.8,73.4,4.7
407,schmallenberg,75,DE,1516866600,100,51.15,8.28,46.4,14.99
408,los llanos de aridane,75,ES,1516865400,63,28.66,-17.92,62.6,11.41
409,granada,20,NI,1516863600,83,11.93,-85.96,73.4,11.41
410,teya,75,MX,1516862880,73,21.05,-89.07,73.4,5.82
411,dibulla,24,CO,1516867743,95,11.27,-73.31,77.15,15.03
412,rongcheng,76,CN,1516867744,92,37.16,122.42,19.37,20.29
413,tvoroyri,48,FO,1516866600,86,61.56,-6.81,37.4,8.05
414,gamba,0,CN,1516867745,65,28.28,88.52,17.93,5.97
415,harper,1,US,1516866900,68,30.3,-99.24,26.6,3.36
416,kapenguria,8,KE,1516867746,63,1.25,35.09,71.12,4.07
417,inhambane,40,MZ,1516863600,66,-23.87,35.38,84.2,9.17
418,macas,64,EC,1516867747,88,-2.3,-78.12,59.87,2.84
419,taga,40,JP,1516865400,64,35.21,136.34,35.6,26.4
420,dorado,75,PR,1516863360,94,18.46,-66.27,75.2,17.72
421,kisesa,75,TZ,1516863600,83,-2.55,33.05,69.8,5.82
422,richards bay,92,ZA,1516867750,82,-28.77,32.06,76.3,9.22
423,zhaoqing,20,CN,1516867751,69,23.05,112.47,70.58,5.97
424,shizilu,0,CN,1516867752,64,21.7,109.38,76.25,12.01
425,jadu,0,LY,1516867752,85,31.95,12.03,48.04,4.97
426,miles city,1,US,1516863180,85,46.41,-105.84,23.0,9.17
427,mikkeli,90,FI,1516866600,100,61.69,27.27,35.6,9.17
428,yanagawa,75,JP,1516865400,47,33.16,130.41,39.2,10.29
429,pavino,0,RU,1516865400,75,55.02,82.61,-20.21,8.95
430,melfi,0,IT,1516866600,93,41.0,15.66,35.6,3.4
431,mirnyy,0,RU,1516867755,81,56.57,36.46,15.32,20.29
432,bubaque,0,GW,1516863600,59,11.28,-15.83,66.2,4.7
433,saint anthony,1,US,1516863360,85,43.97,-111.68,33.8,4.7
434,bonito,8,BR,1516867758,88,-21.13,-56.49,73.6,2.73
435,mushie,0,CD,1516867758,73,-3.02,16.92,83.0,2.51
436,pendembu,0,SL,1516867760,50,8.1,-10.69,74.59,4.18
437,abha,0,SA,1516863600,34,18.22,42.5,69.8,13.87
438,sept-iles,90,CA,1516863600,59,50.2,-66.38,3.2,20.8
439,yumen,0,CN,1516867761,70,40.29,97.04,11.18,7.2
440,rio de janeiro,0,BR,1516863600,78,-22.91,-43.21,80.6,4.7
441,saint-joseph,90,FR,1516865400,76,43.56,6.97,50.0,2.24
442,north platte,1,US,1516866780,92,41.12,-100.77,12.2,4.7
443,talnakh,80,RU,1516867763,84,69.49,88.39,-5.2,17.05
444,hovd,90,NO,1516866600,86,63.83,10.7,39.2,19.46
445,warmbad,75,DE,1516867200,93,50.67,13.08,48.2,2.24
446,abu kamal,100,SY,1516867764,41,34.45,40.92,62.75,11.34
447,likasi,36,CD,1516867765,97,-10.99,26.74,74.14,5.64
448,wagar,0,US,1516867765,64,31.44,-87.99,36.38,4.74
449,tomatlan,88,MX,1516867766,78,19.93,-105.25,66.08,1.83
450,portobelo,0,PA,1516863600,94,9.55,-79.65,71.6,17.05
451,lagoa,76,PT,1516867200,93,37.14,-8.45,44.6,3.36
452,murray bridge,0,AU,1516867768,75,-35.12,139.28,73.33,11.56
453,belmonte,92,PT,1516867768,95,40.36,-7.35,39.58,4.74
454,pandan,0,PH,1516867769,97,11.72,122.09,81.43,16.6
455,bolotnoye,0,RU,1516867770,65,55.67,84.39,-21.67,8.66
456,huarmey,0,PE,1516867770,80,-10.07,-78.15,59.56,1.61
457,cockburn town,88,TC,1516867771,100,21.46,-71.14,77.38,18.5
458,chapais,90,CA,1516863840,69,49.78,-74.86,-9.41,8.05
459,samarai,88,PG,1516867772,100,-10.62,150.67,82.46,19.51
460,udachnyy,44,RU,1516867773,67,66.42,112.4,-9.34,3.85
461,vardo,90,US,1516866900,57,39.62,-77.74,32.0,9.17
462,mareeba,75,AU,1516867200,88,-16.99,145.42,80.6,10.29
463,faya,0,SA,1516863600,34,18.39,42.45,69.8,13.87
464,iisaku,92,EE,1516867776,87,59.1,27.31,39.76,22.86
465,denpasar,75,ID,1516865400,88,-8.65,115.22,80.6,12.75
466,fort nelson,90,CA,1516863600,77,58.81,-122.69,-0.41,6.93
467,mashhad,0,IR,1516865400,24,36.3,59.61,55.4,6.93
468,buraydah,5,SA,1516863600,48,26.33,43.97,64.4,4.7
469,sonoita,1,US,1516863480,19,31.68,-110.66,55.4,11.41
470,madridejos,32,ES,1516867780,85,39.47,-3.54,38.81,7.31
471,klaksvik,88,FO,1516866600,86,62.23,-6.59,37.4,8.05
472,liuhe,24,CN,1516867781,61,42.28,125.73,-14.02,4.29
473,talaya,0,RU,1516867782,65,55.79,84.89,-21.67,8.66
474,axim,20,GH,1516867782,97,4.87,-2.24,81.56,4.18
475,honningsvag,75,NO,1516864800,79,70.98,25.97,19.4,12.75
476,wodonga,0,AU,1516867200,26,-36.12,146.89,95.0,6.93
477,alofi,92,NU,1516863600,94,-19.06,-169.92,77.0,4.7
478,agua verde,75,MX,1516862580,87,22.89,-105.97,57.2,3.36
479,ayna,0,ES,1516863600,80,38.55,-2.07,32.0,2.24
480,halifax,40,CA,1516863600,73,44.65,-63.58,19.4,16.11
481,maragogi,92,BR,1516867786,95,-9.01,-35.22,75.49,3.06
482,portland,75,US,1516866780,81,45.52,-122.67,42.8,11.41
483,hofn,0,IS,1516867787,100,64.25,-15.21,35.08,21.52
484,shenjiamen,92,CN,1516867788,100,29.96,122.3,43.81,24.87
485,saint-doulchard,75,FR,1516867200,93,47.1,2.37,50.0,2.24
486,bandiagara,0,ML,1516867789,30,14.35,-3.61,69.01,13.24
487,pontianak,75,ID,1516865400,70,-0.02,109.34,86.0,6.93
488,quatre cocos,75,MU,1516863600,83,-20.21,57.76,82.4,11.41
489,waiuku,68,NZ,1516867200,88,-37.25,174.73,71.6,11.41
490,milkovo,0,BG,1516867200,68,41.53,24.68,35.6,1.12
491,bambanglipuro,88,ID,1516867792,81,-7.95,110.28,79.9,9.55
492,jizan,40,SA,1516863600,74,16.89,42.56,80.6,11.41
493,bo phloi,80,TH,1516867793,62,14.32,99.52,87.55,1.16
494,san vicente,0,SV,1516863000,51,13.64,-88.78,82.4,9.17
495,osoyoos,90,CA,1516866780,100,49.03,-119.47,33.8,5.82
496,magadan,20,RU,1516865400,45,59.56,150.8,3.2,11.18
497,kieta,80,PG,1516867797,100,-6.22,155.63,79.18,3.4
498,porto-vecchio,40,FR,1516867200,87,41.59,9.28,53.6,6.93
499,viedma,68,AR,1516867798,77,-40.81,-62.99,56.0,9.55
500,imbituba,20,BR,1516863600,94,-28.24,-48.67,71.6,11.79
501,finschhafen,100,PG,1516867799,92,-6.6,147.85,76.88,2.28
502,phalaborwa,12,ZA,1516867800,50,-23.95,31.14,87.19,9.55
503,san juan,75,PR,1516863360,94,18.47,-66.12,75.2,17.72
504,ebebiyin,90,GQ,1516863600,94,2.15,11.34,71.6,2.95
505,acapulco,20,MX,1516862940,83,16.86,-99.88,77.0,3.74
506,ivdel,24,RU,1516867804,71,60.7,60.42,4.7,11.79
507,badou,36,TG,1516867805,38,7.58,0.61,78.1,9.1
508,dharchula,8,IN,1516867805,69,29.85,80.53,37.91,1.61
509,kirs,92,RU,1516867806,82,59.34,52.24,15.19,12.8
510,anahuac,1,US,1516866900,86,29.77,-94.68,51.8,2.62
511,tromso,75,NO,1516866600,79,69.65,18.96,21.2,2.24
512,manisa,20,TR,1516864800,47,38.62,27.43,37.4,31.09
513,bakel,0,SN,1516867809,27,14.9,-12.46,68.56,15.48
514,panzhihua,0,CN,1516867809,30,26.59,101.72,66.31,7.43
515,nishihara,1,JP,1516866960,31,35.74,139.53,37.4,5.82
516,auki,0,NG,1516867810,35,12.18,6.51,71.57,13.24
517,kuandian,0,CN,1516867811,42,40.73,124.78,-6.15,9.55
518,kikwit,8,CD,1516867811,79,-5.04,18.82,83.95,4.63
519,baykit,48,RU,1516867812,71,61.68,96.39,-10.74,2.73
520,cap malheureux,75,MU,1516863600,83,-19.98,57.61,82.4,11.41
521,padang,92,ID,1516867621,100,-0.92,100.36,82.37,5.97
522,potam,12,MX,1516867813,74,27.6,-110.38,45.43,4.41
523,manono,56,CD,1516867814,88,-7.3,27.4,78.32,3.4
524,mamontovo,0,RU,1516867814,40,52.71,81.63,-25.9,5.64
525,lata,0,IN,1516867815,78,30.78,78.62,45.83,1.95
526,krasnyy chikoy,32,RU,1516867815,55,50.36,108.75,-7.27,2.62
527,morondava,44,MG,1516867816,90,-20.3,44.28,82.96,4.85
528,tiznit,44,MA,1516867816,93,29.7,-9.73,51.77,0.83
529,lazarev,76,RU,1516867817,79,52.23,141.51,6.73,33.71
530,ardabil,40,IR,1516865400,92,38.25,48.3,30.2,18.34
531,hanmer springs,48,NZ,1516867819,93,-42.52,172.83,63.02,1.39
532,riverton,1,US,1516863180,85,43.02,-108.38,15.8,10.29
533,fethiye,20,TR,1516864800,39,36.62,29.12,44.6,23.04
534,bharatpur,0,NP,1516867821,69,27.68,84.43,65.86,3.4
535,elverum,8,NO,1516867696,58,60.88,11.56,36.11,9.1
536,khorramshahr,20,IR,1516865400,77,30.43,48.18,66.2,6.93
537,caravelas,80,BR,1516867822,100,-17.73,-39.27,79.58,9.55
538,oia,75,ES,1516865400,93,42.0,-8.88,48.2,2.24
539,woodstock,20,CA,1516863600,78,43.13,-80.75,14.0,3.36
540,charters towers,80,AU,1516867824,82,-20.07,146.27,77.87,12.01
541,pio xii,92,BR,1516867824,98,-3.89,-45.17,73.1,3.4
542,quepos,40,CR,1516863600,73,9.43,-84.16,69.8,16.11
543,christchurch,92,NZ,1516867200,93,-43.53,172.64,66.2,19.46
544,maningrida,88,AU,1516867826,94,-12.05,134.23,81.38,20.07
545,linxia,8,CN,1516867827,44,35.6,103.21,30.35,4.07
546,yantal,32,RU,1516867828,40,56.85,105.25,-26.85,2.51
547,taoudenni,0,ML,1516867828,22,22.68,-3.98,61.0,10.67
548,khash,0,IR,1516867829,24,28.22,61.21,64.46,4.07
549,narrabri,68,AU,1516867829,89,-30.33,149.78,72.25,4.63
550,balbalan,88,PH,1516867830,90,17.44,121.2,71.08,2.39
551,san ignacio,0,CL,1516863600,87,-36.8,-72.03,51.8,4.18
552,baruun-urt,0,MN,1516867833,57,46.68,113.28,-7.99,5.41
553,torrington,1,US,1516866780,51,42.06,-104.18,35.6,8.05
